,150008.XSHE
2009-11-19,1.128
2009-11-20,1.123
2009-11-23,1.138
2009-11-24,1.085
2009-11-25,1.122
2009-11-26,1.058
2009-11-27,1.01
2009-11-30,1.069
2009-12-01,1.091
2009-12-02,1.107
2009-12-03,1.104
2009-12-04,1.128
2009-12-07,1.139
2009-12-08,1.12
2009-12-09,1.088
2009-12-10,1.098
2009-12-11,1.098
2009-12-14,1.114
2009-12-15,1.101
2009-12-16,1.091
2009-12-17,1.054
2009-12-18,1.014
2009-12-21,1.016
2009-12-22,0.984
2009-12-23,0.993
2009-12-24,1.035
2009-12-25,1.029
2009-12-28,1.053
2009-12-29,1.062
2009-12-30,1.09
2009-12-31,1.096
2010-01-04,1.077
2010-01-05,1.091
2010-01-06,1.08
2010-01-07,1.05
2010-01-08,1.053
2010-01-11,1.053
2010-01-12,1.077
2010-01-13,1.026
2010-01-14,1.048
2010-01-15,1.053
2010-01-18,1.061
2010-01-19,1.064
2010-01-20,1.014
2010-01-21,1.021
2010-01-22,1.002
2010-01-25,0.989
2010-01-26,0.966
2010-01-27,0.954
2010-01-28,0.956
2010-01-29,0.955
2010-02-01,0.941
2010-02-02,0.938
2010-02-03,0.961
2010-02-04,0.958
2010-02-05,0.94
2010-02-08,0.939
2010-02-09,0.944
2010-02-10,0.956
2010-02-11,0.958
2010-02-12,0.967
2010-02-22,0.961
2010-02-23,0.951
2010-02-24,0.964
2010-02-25,0.977
2010-02-26,0.974
2010-03-01,0.986
2010-03-02,0.982
2010-03-03,0.989
2010-03-04,0.966
2010-03-05,0.968
2010-03-08,0.975
2010-03-09,0.981
2010-03-10,0.973
2010-03-11,0.973
2010-03-12,0.961
2010-03-15,0.947
2010-03-16,0.952
2010-03-17,0.972
2010-03-18,0.97
2010-03-19,0.977
2010-03-22,0.98
2010-03-23,0.972
2010-03-24,0.972
2010-03-25,0.959
2010-03-26,0.972
2010-03-29,0.995
2010-03-30,0.997
2010-03-31,0.991
2010-04-01,1.006
2010-04-02,1.014
2010-04-06,1.013
2010-04-07,1.005
2010-04-08,0.991
2010-04-09,1.0
2010-04-12,0.993
2010-04-13,1.006
2010-04-14,1.011
2010-04-15,1.006
2010-04-16,0.993
2010-04-19,0.943
2010-04-20,0.942
2010-04-21,0.96
2010-04-22,0.947
2010-04-23,0.944
2010-04-26,0.939
2010-04-27,0.921
2010-04-28,0.917
2010-04-29,0.907
2010-04-30,0.91
2010-05-04,0.898
2010-05-05,0.903
2010-05-06,0.864
2010-05-07,0.848
2010-05-10,0.854
2010-05-11,0.837
2010-05-12,0.842
2010-05-13,0.863
2010-05-14,0.857
2010-05-17,0.812
2010-05-18,0.829
2010-05-19,0.826
2010-05-20,0.816
2010-05-21,0.827
2010-05-24,0.857
2010-05-25,0.84
2010-05-26,0.84
2010-05-27,0.853
2010-05-28,0.851
2010-05-31,0.829
2010-06-01,0.821
2010-06-02,0.824
2010-06-03,0.819
2010-06-04,0.821
2010-06-07,0.807
2010-06-08,0.808
2010-06-09,0.831
2010-06-10,0.822
2010-06-11,0.825
2010-06-17,0.82
2010-06-18,0.807
2010-06-21,0.831
2010-06-22,0.832
2010-06-23,0.825
2010-06-24,0.824
2010-06-25,0.819
2010-06-28,0.813
2010-06-29,0.778
2010-06-30,0.769
2010-07-01,0.759
2010-07-02,0.761
2010-07-05,0.755
2010-07-06,0.77
2010-07-07,0.775
2010-07-08,0.774
2010-07-09,0.795
2010-07-12,0.804
2010-07-13,0.792
2010-07-14,0.798
2010-07-15,0.784
2010-07-16,0.787
2010-07-19,0.806
2010-07-20,0.824
2010-07-21,0.825
2010-07-22,0.836
2010-07-23,0.839
2010-07-26,0.844
2010-07-27,0.84
2010-07-28,0.86
2010-07-29,0.864
2010-07-30,0.862
2010-08-02,0.876
2010-08-03,0.86
2010-08-04,0.863
2010-08-05,0.856
2010-08-06,0.869
2010-08-09,0.875
2010-08-10,0.85
2010-08-11,0.855
2010-08-12,0.845
2010-08-13,0.856
2010-08-16,0.875
2010-08-17,0.881
2010-08-18,0.88
2010-08-19,0.885
2010-08-20,0.868
2010-08-23,0.868
2010-08-24,0.872
2010-08-25,0.852
2010-08-26,0.853
2010-08-27,0.856
2010-08-30,0.872
2010-08-31,0.869
2010-09-01,0.863
2010-09-02,0.874
2010-09-03,0.874
2010-09-06,0.889
2010-09-07,0.891
2010-09-08,0.891
2010-09-09,0.875
2010-09-10,0.877
2010-09-13,0.886
2010-09-14,0.887
2010-09-15,0.872
2010-09-16,0.856
2010-09-17,0.857
2010-09-20,0.854
2010-09-21,0.856
2010-09-27,0.87
2010-09-28,0.863
2010-09-29,0.861
2010-09-30,0.878
2010-10-08,0.909
2010-10-11,0.934
2010-10-12,0.945
2010-10-13,0.957
2010-10-14,0.959
2010-10-15,1.005
2010-10-18,0.995
2010-10-19,1.028
2010-10-20,1.037
2010-10-21,1.028
2010-10-22,1.029
2010-10-25,1.074
2010-10-26,1.066
2010-10-27,1.039
2010-10-28,1.036
2010-10-29,1.028
2010-11-01,1.069
2010-11-02,1.064
2010-11-03,1.047
2010-11-04,1.072
2010-11-05,1.09
2010-11-08,1.103
2010-11-09,1.09
2010-11-10,1.08
2010-11-11,1.084
2010-11-12,0.985
2010-11-15,0.995
2010-11-16,0.94
2010-11-17,0.921
2010-11-18,0.933
2010-11-19,0.942
2010-11-22,0.94
2010-11-23,0.922
2010-11-24,0.943
2010-11-25,0.956
2010-11-26,0.948
2010-11-29,0.947
2010-11-30,0.932
2010-12-01,0.931
2010-12-02,0.937
2010-12-03,0.938
2010-12-06,0.94
2010-12-07,0.95
2010-12-08,0.942
2010-12-09,0.928
2010-12-10,0.939
2010-12-13,0.972
2010-12-14,0.977
2010-12-15,0.967
2010-12-16,0.959
2010-12-17,0.957
2010-12-20,0.944
2010-12-21,0.968
2010-12-22,0.954
2010-12-23,0.947
2010-12-24,0.94
2010-12-27,0.922
2010-12-28,0.907
2010-12-29,0.912
2010-12-30,0.913
2010-12-31,0.931
2011-01-04,0.949
2011-01-05,0.945
2011-01-06,0.94
2011-01-07,0.942
2011-01-10,0.925
2011-01-11,0.929
2011-01-12,0.934
2011-01-13,0.934
2011-01-14,0.92
2011-01-17,0.886
2011-01-18,0.887
2011-01-19,0.906
2011-01-20,0.879
2011-01-21,0.889
2011-01-24,0.881
2011-01-25,0.877
2011-01-26,0.887
2011-01-27,0.901
2011-01-28,0.904
2011-01-31,0.915
2011-02-01,0.915
2011-02-09,0.905
2011-02-10,0.923
2011-02-11,0.927
2011-02-14,0.954
2011-02-15,0.954
2011-02-16,0.967
2011-02-17,0.965
2011-02-18,0.952
2011-02-21,0.971
2011-02-22,0.939
2011-02-23,0.942
2011-02-24,0.947
2011-02-25,0.949
2011-02-28,0.962
2011-03-01,0.968
2011-03-02,0.963
2011-03-03,0.955
2011-03-04,0.975
2011-03-07,1.003
2011-03-08,1.005
2011-03-09,1.005
2011-03-10,0.978
2011-03-11,0.965
2011-03-14,0.971
2011-03-15,0.95
2011-03-16,0.963
2011-03-17,0.947
2011-03-18,0.952
2011-03-21,0.95
2011-03-22,0.954
2011-03-23,0.971
2011-03-24,0.965
2011-03-25,0.985
2011-03-28,0.983
2011-03-29,0.968
2011-03-30,0.968
2011-03-31,0.954
2011-04-01,0.975
2011-04-06,0.993
2011-04-07,0.998
2011-04-08,1.013
2011-04-11,1.003
2011-04-12,0.998
2011-04-13,1.02
2011-04-14,1.011
2011-04-15,1.013
2011-04-18,1.014
2011-04-19,0.985
2011-04-20,0.985
2011-04-21,0.994
2011-04-22,0.986
2011-04-25,0.963
2011-04-26,0.956
2011-04-27,0.95
2011-04-28,0.937
2011-04-29,0.946
2011-05-03,0.95
2011-05-04,0.927
2011-05-05,0.927
2011-05-06,0.925
2011-05-09,0.927
2011-05-10,0.934
2011-05-11,0.931
2011-05-12,0.92
2011-05-13,0.927
2011-05-16,0.919
2011-05-17,0.924
2011-05-18,0.93
2011-05-19,0.925
2011-05-20,0.926
2011-05-23,0.898
2011-05-24,0.899
2011-05-25,0.888
2011-05-26,0.884
2011-05-27,0.881
2011-05-30,0.878
2011-05-31,0.891
2011-06-01,0.892
2011-06-02,0.879
2011-06-03,0.887
2011-06-07,0.892
2011-06-08,0.893
2011-06-09,0.878
2011-06-10,0.882
2011-06-13,0.879
2011-06-14,0.891
2011-06-15,0.882
2011-06-16,0.87
2011-06-17,0.862
2011-06-20,0.858
2011-06-21,0.868
2011-06-22,0.868
2011-06-23,0.882
2011-06-24,0.902
2011-06-27,0.904
2011-06-28,0.905
2011-06-29,0.893
2011-06-30,0.906
2011-07-01,0.907
2011-07-04,0.927
2011-07-05,0.927
2011-07-06,0.926
2011-07-07,0.922
2011-07-08,0.924
2011-07-11,0.926
2011-07-12,0.909
2011-07-13,0.923
2011-07-14,0.925
2011-07-15,0.928
2011-07-18,0.927
2011-07-19,0.919
2011-07-20,0.918
2011-07-21,0.909
2011-07-22,0.911
2011-07-25,0.883
2011-07-26,0.886
2011-07-27,0.892
2011-07-28,0.887
2011-07-29,0.884
2011-08-01,0.886
2011-08-02,0.88
2011-08-03,0.88
2011-08-04,0.882
2011-08-05,0.863
2011-08-08,0.834
2011-08-09,0.835
2011-08-10,0.841
2011-08-11,0.854
2011-08-12,0.856
2011-08-15,0.867
2011-08-16,0.861
2011-08-17,0.858
2011-08-18,0.843
2011-08-19,0.836
2011-08-22,0.827
2011-08-23,0.839
2011-08-24,0.837
2011-08-25,0.862
2011-08-26,0.862
2011-08-29,0.849
2011-08-30,0.845
2011-08-31,0.847
2011-09-01,0.843
2011-09-02,0.835
2011-09-05,0.818
2011-09-06,0.813
2011-09-07,0.828
2011-09-08,0.821
2011-09-09,0.819
2011-09-13,0.811
2011-09-14,0.815
2011-09-15,0.814
2011-09-16,0.815
2011-09-19,0.8
2011-09-20,0.803
2011-09-21,0.825
2011-09-22,0.801
2011-09-23,0.796
2011-09-26,0.78
2011-09-27,0.788
2011-09-28,0.78
2011-09-29,0.773
2011-09-30,0.771
2011-10-10,0.764
2011-10-11,0.762
2011-10-12,0.789
2011-10-13,0.793
2011-10-14,0.791
2011-10-17,0.795
2011-10-18,0.773
2011-10-19,0.77
2011-10-20,0.752
2011-10-21,0.749
2011-10-24,0.769
2011-10-25,0.782
2011-10-26,0.789
2011-10-27,0.792
2011-10-28,0.814
2011-10-31,0.808
2011-11-01,0.808
2011-11-02,0.827
2011-11-03,0.829
2011-11-04,0.838
2011-11-07,0.825
2011-11-08,0.821
2011-11-09,0.833
2011-11-10,0.81
2011-11-11,0.808
2011-11-14,0.831
2011-11-15,0.829
2011-11-16,0.796
2011-11-17,0.792
2011-11-18,0.777
2011-11-21,0.777
2011-11-22,0.777
2011-11-23,0.77
2011-11-24,0.771
2011-11-25,0.766
2011-11-28,0.767
2011-11-29,0.777
2011-11-30,0.753
2011-12-01,0.771
2011-12-02,0.764
2011-12-05,0.754
2011-12-06,0.754
2011-12-07,0.757
2011-12-08,0.756
2011-12-09,0.75
2011-12-12,0.742
2011-12-13,0.727
2011-12-14,0.72
2011-12-15,0.704
2011-12-16,0.718
2011-12-19,0.717
2011-12-20,0.715
2011-12-21,0.704
2011-12-22,0.706
2011-12-23,0.711
2011-12-26,0.704
2011-12-27,0.696
2011-12-28,0.696
2011-12-29,0.697
2011-12-30,0.707
2012-01-04,0.693
2012-01-05,0.688
2012-01-06,0.692
2012-01-09,0.714
2012-01-10,0.736
2012-01-11,0.733
2012-01-12,0.733
2012-01-13,0.722
2012-01-16,0.708
2012-01-17,0.74
2012-01-18,0.729
2012-01-19,0.742
2012-01-20,0.754
2012-01-30,0.741
2012-01-31,0.742
2012-02-01,0.731
2012-02-02,0.748
2012-02-03,0.754
2012-02-06,0.753
2012-02-07,0.739
2012-02-08,0.759
2012-02-09,0.76
2012-02-10,0.761
2012-02-13,0.76
2012-02-14,0.757
2012-02-15,0.765
2012-02-16,0.761
2012-02-17,0.761
2012-02-20,0.762
2012-02-21,0.767
2012-02-22,0.777
2012-02-23,0.779
2012-02-24,0.792
2012-02-27,0.793
2012-02-28,0.797
2012-02-29,0.787
2012-03-01,0.787
2012-03-02,0.804
2012-03-05,0.796
2012-03-06,0.783
2012-03-07,0.778
2012-03-08,0.787
2012-03-09,0.796
2012-03-12,0.792
2012-03-13,0.804
2012-03-14,0.778
2012-03-15,0.773
2012-03-16,0.784
2012-03-19,0.785
2012-03-20,0.773
2012-03-21,0.773
2012-03-22,0.772
2012-03-23,0.763
2012-03-26,0.764
2012-03-27,0.762
2012-03-28,0.741
2012-03-29,0.732
2012-03-30,0.735
2012-04-05,0.752
2012-04-06,0.754
2012-04-09,0.746
2012-04-10,0.754
2012-04-11,0.754
2012-04-12,0.768
2012-04-13,0.771
2012-04-16,0.769
2012-04-17,0.76
2012-04-18,0.776
2012-04-19,0.775
2012-04-20,0.783
2012-04-23,0.777
2012-04-24,0.777
2012-04-25,0.783
2012-04-26,0.785
2012-04-27,0.784
2012-05-02,0.804
2012-05-03,0.808
2012-05-04,0.819
2012-05-07,0.819
2012-05-08,0.815
2012-05-09,0.792
2012-05-10,0.792
2012-05-11,0.785
2012-05-14,0.78
2012-05-15,0.781
2012-05-16,0.769
2012-05-17,0.78
2012-05-18,0.769
2012-05-21,0.773
2012-05-22,0.785
2012-05-23,0.782
2012-05-24,0.776
2012-05-25,0.769
2012-05-28,0.782
2012-05-29,0.792
2012-05-30,0.788
2012-05-31,0.785
2012-06-01,0.786
2012-06-04,0.765
2012-06-05,0.765
2012-06-06,0.765
2012-06-07,0.762
2012-06-08,0.757
2012-06-11,0.766
2012-06-12,0.762
2012-06-13,0.773
2012-06-14,0.769
2012-06-15,0.771
2012-06-18,0.775
2012-06-19,0.769
2012-06-20,0.767
2012-06-21,0.756
2012-06-25,0.742
2012-06-26,0.742
2012-06-27,0.741
2012-06-28,0.735
2012-06-29,0.746
2012-07-02,0.746
2012-07-03,0.748
2012-07-04,0.746
2012-07-05,0.738
2012-07-06,0.75
2012-07-09,0.734
2012-07-10,0.731
2012-07-11,0.738
2012-07-12,0.745
2012-07-13,0.746
2012-07-16,0.731
2012-07-17,0.735
2012-07-18,0.735
2012-07-19,0.738
2012-07-20,0.731
2012-07-23,0.721
2012-07-24,0.723
2012-07-25,0.719
2012-07-26,0.715
2012-07-27,0.716
2012-07-30,0.713
2012-07-31,0.714
2012-08-01,0.721
2012-08-02,0.715
2012-08-03,0.719
2012-08-06,0.729
2012-08-07,0.729
2012-08-08,0.729
2012-08-09,0.736
2012-08-10,0.732
2012-08-13,0.718
2012-08-14,0.719
2012-08-15,0.712
2012-08-16,0.708
2012-08-17,0.707
2012-08-20,0.703
2012-08-21,0.706
2012-08-22,0.7
2012-08-23,0.702
2012-08-24,0.695
2012-08-27,0.681
2012-08-28,0.684
2012-08-29,0.677
2012-08-30,0.676
2012-08-31,0.674
2012-09-03,0.681
2012-09-04,0.674
2012-09-05,0.673
2012-09-06,0.678
2012-09-07,0.707
2012-09-10,0.71
2012-09-11,0.705
2012-09-12,0.708
2012-09-13,0.701
2012-09-14,0.707
2012-09-17,0.689
2012-09-18,0.682
2012-09-19,0.685
2012-09-20,0.671
2012-09-21,0.671
2012-09-24,0.676
2012-09-25,0.674
2012-09-26,0.667
2012-09-27,0.686
2012-09-28,0.698
2012-10-08,0.692
2012-10-09,0.706
2012-10-10,0.707
2012-10-11,0.7
2012-10-12,0.701
2012-10-15,0.698
2012-10-16,0.699
2012-10-17,0.7
2012-10-18,0.716
2012-10-19,0.714
2012-10-22,0.718
2012-10-23,0.703
2012-10-24,0.701
2012-10-25,0.696
2012-10-26,0.683
2012-10-29,0.68
2012-10-30,0.68
2012-10-31,0.685
2012-11-01,0.697
2012-11-02,0.7
2012-11-05,0.698
2012-11-06,0.696
2012-11-07,0.694
2012-11-08,0.682
2012-11-09,0.681
2012-11-12,0.684
2012-11-13,0.673
2012-11-14,0.675
2012-11-15,0.667
2012-11-16,0.662
2012-11-19,0.661
2012-11-20,0.659
2012-11-21,0.666
2012-11-22,0.661
2012-11-23,0.664
2012-11-26,0.659
2012-11-27,0.651
2012-11-28,0.645
2012-11-29,0.641
2012-11-30,0.649
2012-12-03,0.641
2012-12-04,0.647
2012-12-05,0.669
2012-12-06,0.668
2012-12-07,0.68
2012-12-10,0.687
2012-12-11,0.684
2012-12-12,0.686
2012-12-13,0.679
2012-12-14,0.718
2012-12-17,0.72
2012-12-18,0.72
2012-12-19,0.722
2012-12-20,0.729
2012-12-21,0.724
2012-12-24,0.729
2012-12-25,0.761
2012-12-26,0.765
2012-12-27,0.759
2012-12-28,0.776
2012-12-31,0.798
2013-01-04,0.797
2013-01-07,0.802
2013-01-08,0.797
2013-01-09,0.797
2013-01-10,0.798
2013-01-11,0.774
2013-01-14,0.815
2013-01-15,0.817
2013-01-16,0.814
2013-01-17,0.806
2013-01-18,0.817
2013-01-21,0.818
2013-01-22,0.817
2013-01-23,0.818
2013-01-24,0.816
2013-01-25,0.814
2013-01-28,0.824
2013-01-29,0.827
2013-01-30,0.828
2013-01-31,0.828
2013-02-01,0.835
2013-02-04,0.835
2013-02-05,0.839
2013-02-06,0.839
2013-02-07,0.837
2013-02-08,0.838
2013-02-18,0.834
2013-02-19,0.828
2013-02-20,0.83
2013-02-21,0.815
2013-02-22,0.812
2013-02-25,0.814
2013-02-26,0.8
2013-02-27,0.811
2013-02-28,0.822
2013-03-01,0.821
2013-03-04,0.789
2013-03-05,0.816
2013-03-06,0.819
2013-03-07,0.816
2013-03-08,0.814
2013-03-11,0.809
2013-03-12,0.792
2013-03-13,0.778
2013-03-14,0.783
2013-03-15,0.787
2013-03-18,0.77
2013-03-19,0.78
2013-03-20,0.815
2013-03-21,0.815
2013-03-22,0.816
2013-03-25,0.815
2013-03-26,0.801
2013-03-27,0.806
2013-03-28,0.767
2013-03-29,0.765
2013-04-01,0.764
2013-04-02,0.761
2013-04-03,0.759
2013-04-08,0.755
2013-04-09,0.762
2013-04-10,0.761
2013-04-11,0.757
2013-04-12,0.75
2013-04-15,0.738
2013-04-16,0.748
2013-04-17,0.748
2013-04-18,0.75
2013-04-19,0.782
2013-04-22,0.781
2013-04-23,0.744
2013-04-24,0.765
2013-04-25,0.753
2013-04-26,0.743
2013-05-02,0.744
2013-05-03,0.763
2013-05-06,0.778
2013-05-07,0.78
2013-05-08,0.785
2013-05-09,0.778
2013-05-10,0.784
2013-05-13,0.778
2013-05-14,0.762
2013-05-15,0.767
2013-05-16,0.789
2013-05-17,0.806
2013-05-20,0.813
2013-05-21,0.814
2013-05-22,0.815
2013-05-23,0.802
2013-05-24,0.809
2013-05-27,0.81
2013-05-28,0.818
2013-05-29,0.818
2013-05-30,0.816
2013-05-31,0.813
2013-06-03,0.813
2013-06-04,0.797
2013-06-05,0.795
2013-06-06,0.781
2013-06-07,0.763
2013-06-13,0.726
2013-06-14,0.734
2013-06-17,0.728
2013-06-18,0.735
2013-06-19,0.727
2013-06-20,0.695
2013-06-21,0.694
2013-06-24,0.653
2013-06-25,0.651
2013-06-26,0.652
2013-06-27,0.65
2013-06-28,0.662
2013-07-01,0.666
2013-07-02,0.669
2013-07-03,0.665
2013-07-04,0.67
2013-07-05,0.672
2013-07-08,0.654
2013-07-09,0.654
2013-07-10,0.672
2013-07-11,0.703
2013-07-12,0.688
2013-07-15,0.697
2013-07-16,0.7
2013-07-17,0.69
2013-07-18,0.68
2013-07-19,0.663
2013-07-22,0.668
2013-07-23,0.686
2013-07-24,0.682
2013-07-25,0.678
2013-07-26,0.675
2013-07-29,0.661
2013-07-30,0.664
2013-07-31,0.666
2013-08-01,0.681
2013-08-02,0.681
2013-08-05,0.69
2013-08-06,0.694
2013-08-07,0.691
2013-08-08,0.69
2013-08-09,0.693
2013-08-12,0.718
2013-08-13,0.722
2013-08-14,0.717
2013-08-15,0.703
2013-08-16,0.698
2013-08-19,0.708
2013-08-20,0.701
2013-08-21,0.699
2013-08-22,0.698
2013-08-23,0.693
2013-08-26,0.71
2013-08-27,0.713
2013-08-28,0.707
2013-08-29,0.703
2013-08-30,0.701
2013-09-02,0.703
2013-09-03,0.72
2013-09-04,0.717
2013-09-05,0.713
2013-09-06,0.72
2013-09-09,0.759
2013-09-10,0.776
2013-09-11,0.778
2013-09-12,0.791
2013-09-13,0.782
2013-09-16,0.778
2013-09-17,0.754
2013-09-18,0.756
2013-09-23,0.774
2013-09-24,0.761
2013-09-25,0.754
2013-09-26,0.734
2013-09-27,0.738
2013-09-30,0.745
2013-10-08,0.759
2013-10-09,0.764
2013-10-10,0.753
2013-10-11,0.771
2013-10-14,0.772
2013-10-15,0.77
2013-10-16,0.757
2013-10-17,0.754
2013-10-18,0.758
2013-10-21,0.772
2013-10-22,0.764
2013-10-23,0.756
2013-10-24,0.75
2013-10-25,0.741
2013-10-28,0.74
2013-10-29,0.742
2013-10-30,0.752
2013-10-31,0.742
2013-11-01,0.745
2013-11-04,0.745
2013-11-05,0.745
2013-11-06,0.736
2013-11-07,0.732
2013-11-08,0.722
2013-11-11,0.725
2013-11-12,0.732
2013-11-13,0.717
2013-11-14,0.722
2013-11-15,0.735
2013-11-18,0.759
2013-11-19,0.753
2013-11-20,0.757
2013-11-21,0.752
2013-11-22,0.749
2013-11-25,0.746
2013-11-26,0.745
2013-11-27,0.754
2013-11-28,0.761
2013-11-29,0.761
2013-12-02,0.755
2013-12-03,0.762
2013-12-04,0.772
2013-12-05,0.769
2013-12-06,0.765
2013-12-09,0.764
2013-12-10,0.766
2013-12-11,0.753
2013-12-12,0.753
2013-12-13,0.752
2013-12-16,0.74
2013-12-17,0.737
2013-12-18,0.737
2013-12-19,0.729
2013-12-20,0.713
2013-12-23,0.715
2013-12-24,0.716
2013-12-25,0.721
2013-12-26,0.709
2013-12-27,0.721
2013-12-30,0.719
2013-12-31,0.729
2014-01-02,0.726
2014-01-03,0.717
2014-01-06,0.702
2014-01-07,0.701
2014-01-08,0.702
2014-01-09,0.696
2014-01-10,0.692
2014-01-13,0.688
2014-01-14,0.693
2014-01-15,0.692
2014-01-16,0.693
2014-01-17,0.683
2014-01-20,0.679
2014-01-21,0.686
2014-01-22,0.702
2014-01-23,0.699
2014-01-24,0.703
2014-01-27,0.694
2014-01-28,0.695
2014-01-29,0.698
2014-01-30,0.69
2014-02-07,0.692
2014-02-10,0.709
2014-02-11,0.715
2014-02-12,0.716
2014-02-13,0.713
2014-02-14,0.718
2014-02-17,0.722
2014-02-18,0.713
2014-02-19,0.721
2014-02-20,0.715
2014-02-21,0.708
2014-02-24,0.692
2014-02-25,0.675
2014-02-26,0.678
2014-02-27,0.675
2014-02-28,0.682
2014-03-03,0.685
2014-03-04,0.684
2014-03-05,0.678
2014-03-06,0.68
2014-03-07,0.678
2014-03-10,0.658
2014-03-11,0.661
2014-03-12,0.662
2014-03-13,0.67
2014-03-14,0.665
2014-03-17,0.671
2014-03-18,0.669
2014-03-19,0.664
2014-03-20,0.654
2014-03-21,0.675
2014-03-24,0.681
2014-03-25,0.68
2014-03-26,0.679
2014-03-27,0.675
2014-03-28,0.673
2014-03-31,0.671
2014-04-01,0.676
2014-04-02,0.681
2014-04-03,0.677
2014-04-04,0.683
2014-04-08,0.698
2014-04-09,0.699
2014-04-10,0.709
2014-04-11,0.708
2014-04-14,0.708
2014-04-15,0.696
2014-04-16,0.697
2014-04-17,0.695
2014-04-18,0.695
2014-04-21,0.683
2014-04-22,0.686
2014-04-23,0.685
2014-04-24,0.685
2014-04-25,0.678
2014-04-28,0.668
2014-04-29,0.675
2014-04-30,0.675
2014-05-05,0.675
2014-05-06,0.675
2014-05-07,0.668
2014-05-08,0.668
2014-05-09,0.668
2014-05-12,0.681
2014-05-13,0.68
2014-05-14,0.679
2014-05-15,0.671
2014-05-16,0.671
2014-05-19,0.662
2014-05-20,0.663
2014-05-21,0.668
2014-05-22,0.668
2014-05-23,0.673
2014-05-26,0.675
2014-05-27,0.672
2014-05-28,0.679
2014-05-29,0.675
2014-05-30,0.675
2014-06-03,0.673
2014-06-04,0.667
2014-06-05,0.674
2014-06-06,0.67
2014-06-09,0.669
2014-06-10,0.677
2014-06-11,0.677
2014-06-12,0.675
2014-06-13,0.682
2014-06-16,0.687
2014-06-17,0.681
2014-06-18,0.678
2014-06-19,0.668
2014-06-20,0.672
2014-06-23,0.671
2014-06-24,0.675
2014-06-25,0.673
2014-06-26,0.678
2014-06-27,0.678
2014-06-30,0.683
2014-07-01,0.683
2014-07-02,0.685
2014-07-03,0.688
2014-07-04,0.688
2014-07-07,0.687
2014-07-08,0.688
2014-07-09,0.679
2014-07-10,0.678
2014-07-11,0.681
2014-07-14,0.689
2014-07-15,0.69
2014-07-16,0.689
2014-07-17,0.685
2014-07-18,0.688
2014-07-21,0.689
2014-07-22,0.698
2014-07-23,0.699
2014-07-24,0.711
2014-07-25,0.718
2014-07-28,0.738
2014-07-29,0.741
2014-07-30,0.738
2014-07-31,0.747
2014-08-01,0.74
2014-08-04,0.755
2014-08-05,0.752
2014-08-06,0.75
2014-08-07,0.739
2014-08-08,0.741
2014-08-11,0.751
2014-08-12,0.749
2014-08-13,0.749
2014-08-14,0.742
2014-08-15,0.749
2014-08-18,0.754
2014-08-19,0.754
2014-08-20,0.752
2014-08-21,0.748
2014-08-22,0.751
2014-08-25,0.744
2014-08-26,0.739
2014-08-27,0.739
2014-08-28,0.735
2014-08-29,0.742
2014-09-01,0.748
2014-09-02,0.757
2014-09-03,0.764
2014-09-04,0.769
2014-09-05,0.779
2014-09-09,0.777
2014-09-10,0.771
2014-09-11,0.768
2014-09-12,0.775
2014-09-15,0.775
2014-09-16,0.759
2014-09-17,0.762
2014-09-18,0.764
2014-09-19,0.769
2014-09-22,0.755
2014-09-23,0.762
2014-09-24,0.776
2014-09-25,0.773
2014-09-26,0.773
2014-09-29,0.779
2014-09-30,0.779
2014-10-08,0.792
2014-10-09,0.794
2014-10-10,0.786
2014-10-13,0.78
2014-10-14,0.777
2014-10-15,0.783
2014-10-16,0.776
2014-10-17,0.776
2014-10-20,0.78
2014-10-21,0.773
2014-10-22,0.769
2014-10-23,0.762
2014-10-24,0.76
2014-10-27,0.753
2014-10-28,0.768
2014-10-29,0.778
2014-10-30,0.786
2014-10-31,0.804
2014-11-03,0.806
2014-11-04,0.807
2014-11-05,0.802
2014-11-06,0.803
2014-11-07,0.802
2014-11-10,0.833
2014-11-11,0.828
2014-11-12,0.847
2014-11-13,0.84
2014-11-14,0.84
2014-11-17,0.833
2014-11-18,0.819
2014-11-19,0.819
2014-11-20,0.817
2014-11-21,0.84
2014-11-24,0.871
2014-11-25,0.888
2014-11-26,0.904
2014-11-27,0.908
2014-11-28,0.915
2014-12-01,0.916
2014-12-02,0.928
2014-12-03,0.934
2014-12-04,0.951
2014-12-05,0.953
2014-12-08,0.968
2014-12-09,0.951
2014-12-10,0.964
2014-12-11,0.96
2014-12-12,0.961
2014-12-15,0.964
2014-12-16,0.974
2014-12-17,0.982
2014-12-18,0.98
2014-12-19,0.985
2014-12-22,0.986
2014-12-23,0.978
2014-12-24,0.966
2014-12-25,0.978
2014-12-26,0.992
2014-12-29,0.993
2014-12-30,0.993
2014-12-31,0.999
2015-01-05,1.011
2015-01-06,1.011
2015-01-07,1.011
2015-01-08,1.001
2015-01-09,0.999
2015-01-12,0.995
2015-01-13,0.995
2015-01-14,0.994
2015-01-15,1.006
2015-01-16,1.009
2015-01-19,0.976
2015-01-20,0.981
2015-01-21,0.999
2015-01-22,1.001
2015-01-23,1.002
2015-01-26,1.006
2015-01-27,1.002
2015-01-28,0.996
2015-01-29,0.991
2015-01-30,0.985
2015-02-02,0.976
2015-02-03,0.985
2015-02-04,0.981
2015-02-05,0.978
2015-02-06,0.971
2015-02-09,0.974
2015-02-10,0.982
2015-02-11,0.985
2015-02-12,0.986
2015-02-13,0.989
2015-02-16,0.992
2015-02-17,0.995
2015-02-25,0.989
2015-02-26,0.999
2015-02-27,1.0
2015-03-02,1.004
2015-03-03,0.993
2015-03-04,0.996
2015-03-05,0.992
2015-03-06,0.99
2015-03-09,0.996
2015-03-10,0.995
2015-03-11,0.995
2015-03-12,1.002
2015-03-13,1.006
2015-03-16,1.017
2015-03-17,1.023
2015-03-18,1.033
2015-03-19,1.032
2015-03-20,1.038
2015-03-23,1.048
2015-03-24,1.048
2015-03-25,1.044
2015-03-26,1.045
2015-03-27,1.047
2015-03-30,1.06
2015-03-31,1.056
2015-04-01,1.065
2015-04-02,1.066
2015-04-03,1.071
2015-04-07,1.082
2015-04-08,1.086
2015-04-09,1.081
2015-04-10,1.091
2015-04-13,1.099
2015-04-14,1.101
2015-04-15,1.094
2015-04-16,1.108
2015-04-17,1.118
2015-04-20,1.109
2015-04-21,1.121
2015-04-22,1.135
2015-04-23,1.136
2015-04-24,1.131
2015-04-27,1.143
2015-04-28,1.135
2015-04-29,1.138
2015-04-30,1.136
2015-05-04,1.141
2015-05-05,1.118
2015-05-06,1.112
2015-05-07,1.103
2015-05-08,1.114
2015-05-11,1.13
2015-05-12,1.137
2015-05-13,1.134
2015-05-14,1.132
2015-05-15,1.123
2015-05-18,1.118
2015-05-19,1.137
2015-05-20,1.14
2015-05-21,1.152
2015-05-22,1.165
2015-05-25,1.183
2015-05-26,1.197
2015-05-27,1.196
2015-05-28,1.154
2015-05-29,1.155
2015-06-01,1.184
2015-06-02,1.196
2015-06-03,1.194
2015-06-04,1.198
2015-06-05,1.204
2015-06-08,1.218
2015-06-09,1.21
2015-06-10,1.21
2015-06-11,1.211
2015-06-12,1.215
2015-06-15,1.202
2015-06-16,1.183
2015-06-17,1.191
2015-06-18,1.167
2015-06-19,1.132
2015-06-23,1.149
2015-06-24,1.162
2015-06-25,1.14
2015-06-26,1.096
2015-06-29,1.078
2015-06-30,1.112
2015-07-01,1.085
2015-07-02,1.067
2015-07-03,1.039
2015-07-06,1.051
2015-07-07,1.04
2015-07-08,1.006
2015-07-09,1.035
2015-07-10,1.063
2015-07-13,1.08
2015-07-14,1.068
2015-07-15,1.048
2015-07-16,1.052
2015-07-17,1.072
2015-07-20,1.073
2015-07-21,1.075
2015-07-22,1.075
2015-07-23,1.087
2015-07-24,1.078
2015-07-27,1.034
2015-07-28,1.032
2015-07-29,1.048
2015-07-30,1.033
2015-07-31,1.034
2015-08-03,1.034
2015-08-04,1.05
2015-08-05,1.04
2015-08-06,1.035
2015-08-07,1.045
2015-08-10,1.067
2015-08-11,1.066
2015-08-12,1.06
2015-08-13,1.068
2015-08-14,1.069
2015-08-17,1.07
2015-08-18,1.038
2015-08-19,1.045
2015-08-20,1.03
2015-08-21,1.008
2015-08-24,0.969
2015-08-25,0.938
2015-08-26,0.934
2015-08-27,0.956
2015-08-28,0.974
2015-08-31,0.976
2015-09-01,0.974
2015-09-02,0.974
2015-09-07,0.961
2015-09-08,0.973
2015-09-09,0.981
2015-09-10,0.976
2015-09-11,0.975
2015-09-14,0.964
2015-09-15,0.948
2015-09-16,0.968
2015-09-17,0.96
2015-09-18,0.962
2015-09-21,0.97
2015-09-22,0.974
2015-09-23,0.965
2015-09-24,0.968
2015-09-25,0.96
2015-09-28,0.963
2015-09-29,0.955
2015-09-30,0.958
2015-10-08,0.971
2015-10-09,0.976
2015-10-12,0.989
2015-10-13,0.99
2015-10-14,0.979
2015-10-15,1.009
2015-10-16,1.033
2015-10-19,1.033
2015-10-20,1.057
2015-10-21,1.001
2015-10-22,1.03
2015-10-23,1.057
2015-10-26,1.066
2015-10-27,1.067
2015-10-28,1.035
2015-10-29,1.041
2015-10-30,1.041
2015-11-02,1.014
2015-11-03,1.011
2015-11-04,1.087
2015-11-05,1.125
2015-11-06,1.153
2015-11-09,1.159
2015-11-10,1.158
2015-11-11,1.159
2015-11-12,1.155
2015-11-13,1.149
2015-11-16,1.153
2015-11-17,1.153
2015-11-18,1.146
2015-11-19,1.155
2015-11-20,1.154
2015-11-23,1.152
2015-11-24,1.152
2015-11-25,1.155
2015-11-26,1.152
2015-11-27,1.067
2015-11-30,1.071
2015-12-01,1.082
2015-12-02,1.138
2015-12-03,1.149
2015-12-04,1.119
2015-12-07,1.125
2015-12-08,1.093
2015-12-09,1.099
2015-12-10,1.095
2015-12-11,1.087
2015-12-14,1.133
2015-12-15,1.127
2015-12-16,1.123
2015-12-17,1.151
2015-12-18,1.152
2015-12-21,1.162
2015-12-22,1.163
2015-12-23,1.162
2015-12-24,1.158
2015-12-25,1.159
2015-12-28,1.141
2015-12-29,1.151
2015-12-30,1.151
2015-12-31,1.141
2016-01-04,1.019
2016-01-05,1.022
2016-01-06,1.052
2016-01-07,0.958
2016-01-08,0.976
2016-01-11,0.928
2016-01-12,0.934
2016-01-13,0.915
2016-01-14,0.935
2016-01-15,0.904
2016-01-18,0.908
2016-01-19,0.936
2016-01-20,0.922
2016-01-21,0.895
2016-01-22,0.904
2016-01-25,0.909
2016-01-26,0.855
2016-01-27,0.852
2016-01-28,0.828
2016-01-29,0.855
2016-02-01,0.842
2016-02-02,0.86
2016-02-03,0.858
2016-02-04,0.868
2016-02-05,0.862
2016-02-15,0.858
2016-02-16,0.883
2016-02-17,0.892
2016-02-18,0.889
2016-02-19,0.889
2016-02-22,0.911
2016-02-23,0.902
2016-02-24,0.908
2016-02-25,0.85
2016-02-26,0.858
2016-02-29,0.835
2016-03-01,0.851
2016-03-02,0.888
2016-03-03,0.89
2016-03-04,0.897
2016-03-07,0.903
2016-03-08,0.903
2016-03-09,0.891
2016-03-10,0.873
2016-03-11,0.874
2016-03-14,0.89
2016-03-15,0.891
2016-03-16,0.894
2016-03-17,0.906
2016-03-18,0.923
2016-03-21,0.946
2016-03-22,0.94
2016-03-23,0.944
2016-03-24,0.927
2016-03-25,0.931
2016-03-28,0.924
2016-03-29,0.914
2016-03-30,0.938
2016-03-31,0.938
2016-04-01,0.939
2016-04-05,0.953
2016-04-06,0.951
2016-04-07,0.937
2016-04-08,0.93
2016-04-11,0.944
2016-04-12,0.94
2016-04-13,0.953
2016-04-14,0.958
2016-04-15,0.957
2016-04-18,0.944
2016-04-19,0.948
2016-04-20,0.93
2016-04-21,0.924
2016-04-22,0.928
2016-04-25,0.924
2016-04-26,0.93
2016-04-27,0.927
2016-04-28,0.926
2016-04-29,0.925
2016-05-03,0.942
2016-05-04,0.942
2016-05-05,0.944
2016-05-06,0.919
2016-05-09,0.901
2016-05-10,0.901
2016-05-11,0.905
2016-05-12,0.907
2016-05-13,0.902
2016-05-16,0.909
2016-05-17,0.906
2016-05-18,0.9
2016-05-19,0.898
2016-05-20,0.903
2016-05-23,0.907
2016-05-24,0.9
2016-05-25,0.899
2016-05-26,0.901
2016-05-27,0.901
2016-05-30,0.902
2016-05-31,0.933
2016-06-01,0.931
2016-06-02,0.933
2016-06-03,0.94
2016-06-06,0.939
2016-06-07,0.939
2016-06-08,0.935
2016-06-13,0.906
2016-06-14,0.909
2016-06-15,0.922
2016-06-16,0.916
2016-06-17,0.921
2016-06-20,0.922
2016-06-21,0.92
2016-06-22,0.929
2016-06-23,0.925
2016-06-24,0.915
2016-06-27,0.928
2016-06-28,0.934
2016-06-29,0.938
2016-06-30,0.939
2016-07-01,0.94
2016-07-04,0.957
2016-07-05,0.959
2016-07-06,0.964
2016-07-07,0.965
2016-07-08,0.96
2016-07-11,0.964
2016-07-12,0.983
2016-07-13,0.989
2016-07-14,0.988
2016-07-15,0.989
2016-07-18,0.985
2016-07-19,0.982
2016-07-20,0.98
2016-07-21,0.984
2016-07-22,0.977
2016-07-25,0.978
2016-07-26,0.989
2016-07-27,0.973
2016-07-28,0.974
2016-07-29,0.97
2016-08-01,0.962
2016-08-02,0.966
2016-08-03,0.968
2016-08-04,0.97
2016-08-05,0.973
2016-08-08,0.981
2016-08-09,0.988
2016-08-10,0.984
2016-08-11,0.982
2016-08-12,1.006
2016-08-15,1.051
2016-08-16,1.044
2016-08-17,1.043
2016-08-18,1.04
2016-08-19,1.043
2016-08-22,1.028
2016-08-23,1.032
2016-08-24,1.027
2016-08-25,1.017
2016-08-26,1.017
2016-08-29,1.017
2016-08-30,1.02
2016-08-31,1.027
2016-09-01,1.016
2016-09-02,1.02
2016-09-05,1.022
2016-09-06,1.033
2016-09-07,1.033
2016-09-08,1.033
2016-09-09,1.022
2016-09-12,0.996
2016-09-13,0.995
2016-09-14,0.987
2016-09-19,0.996
2016-09-20,0.995
2016-09-21,1.0
2016-09-22,1.011
2016-09-23,1.003
2016-09-26,0.982
2016-09-27,0.988
2016-09-28,0.985
2016-09-29,0.989
2016-09-30,0.993
2016-10-10,1.011
2016-10-11,1.017
2016-10-12,1.014
2016-10-13,1.016
2016-10-14,1.018
2016-10-17,1.009
2016-10-18,1.026
2016-10-19,1.022
2016-10-20,1.024
2016-10-21,1.029
2016-10-24,1.047
2016-10-25,1.049
2016-10-26,1.043
2016-10-27,1.039
2016-10-28,1.036
2016-10-31,1.035
2016-11-01,1.046
2016-11-02,1.035
2016-11-03,1.049
2016-11-04,1.044
2016-11-07,1.046
2016-11-08,1.054
2016-11-09,1.047
2016-11-10,1.065
2016-11-11,1.078
2016-11-14,1.084
2016-11-15,1.084
2016-11-16,1.084
2016-11-17,1.087
2016-11-18,1.081
2016-11-21,1.091
2016-11-22,1.106
2016-11-23,1.109
2016-11-24,1.114
2016-11-25,1.128
2016-11-28,1.135
2016-11-29,1.148
2016-11-30,1.135
2016-12-01,1.149
2016-12-02,1.133
2016-12-05,1.111
2016-12-06,1.108
2016-12-07,1.117
2016-12-08,1.114
2016-12-09,1.125
2016-12-12,1.084
2016-12-13,1.084
2016-12-14,1.075
2016-12-15,1.06
2016-12-16,1.063
2016-12-19,1.057
2016-12-20,1.049
2016-12-21,1.062
2016-12-22,1.063
2016-12-23,1.051
2016-12-26,1.057
2016-12-27,1.055
2016-12-28,1.049
2016-12-29,1.046
2016-12-30,1.052
2017-01-03,1.068
2017-01-04,1.081
2017-01-05,1.079
2017-01-06,1.07
2017-01-09,1.078
2017-01-10,1.076
2017-01-11,1.065
2017-01-12,1.059
2017-01-13,1.057
2017-01-16,1.057
2017-01-17,1.06
2017-01-18,1.067
2017-01-19,1.063
2017-01-20,1.076
2017-01-23,1.083
2017-01-24,1.083
2017-01-25,1.091
2017-01-26,1.096
2017-02-03,1.084
2017-02-06,1.092
2017-02-07,1.089
2017-02-08,1.1
2017-02-09,1.108
2017-02-10,1.116
2017-02-13,1.128
2017-02-14,1.13
2017-02-15,1.125
2017-02-16,1.136
2017-02-17,1.127
2017-02-20,1.149
2017-02-21,1.157
2017-02-22,1.161
2017-02-23,1.156
2017-02-24,1.156
2017-02-27,1.143
2017-02-28,1.146
2017-03-01,1.149
2017-03-02,1.141
2017-03-03,1.138
2017-03-06,1.148
2017-03-07,1.152
2017-03-08,1.151
2017-03-09,1.14
2017-03-10,1.141
2017-03-13,1.157
2017-03-14,1.157
2017-03-15,1.161
2017-03-16,1.173
2017-03-17,1.156
2017-03-20,1.157
2017-03-21,1.166
2017-03-22,1.16
2017-03-23,1.165
2017-03-24,1.177
2017-03-27,1.174
2017-03-28,1.169
2017-03-29,1.166
2017-03-30,1.152
2017-03-31,1.16
2017-04-05,1.18
2017-04-06,1.182
2017-04-07,1.183
2017-04-10,1.181
2017-04-11,1.183
2017-04-12,1.182
2017-04-13,1.183
2017-04-14,1.18
2017-04-17,1.176
2017-04-18,1.166
2017-04-19,1.16
2017-04-20,1.165
2017-04-21,1.166
2017-04-24,1.148
2017-04-25,1.152
2017-04-26,1.156
2017-04-27,1.161
2017-04-28,1.157
2017-05-02,1.152
2017-05-03,1.144
2017-05-04,1.141
2017-05-05,1.13
2017-05-08,1.116
2017-05-09,1.116
2017-05-10,1.104
2017-05-11,1.111
2017-05-12,1.125
2017-05-15,1.132
2017-05-16,1.146
2017-05-17,1.14
2017-05-18,1.133
2017-05-19,1.135
2017-05-22,1.136
2017-05-23,1.14
2017-05-24,1.141
2017-05-25,1.173
2017-05-26,1.169
2017-05-31,1.176
2017-06-01,1.176
2017-06-02,1.171
2017-06-05,1.163
2017-06-06,1.174
2017-06-07,1.183
2017-06-08,1.186
2017-06-09,1.188
2017-06-12,1.187
2017-06-13,1.189
2017-06-14,1.184
2017-06-15,1.183
2017-06-16,1.183
2017-06-19,1.187
2017-06-20,1.186
2017-06-21,1.191
2017-06-22,1.191
2017-06-23,1.195
2017-06-26,1.201
2017-06-27,1.202
2017-06-28,1.199
2017-06-29,1.201
2017-06-30,1.201
2017-07-03,1.199
2017-07-04,1.196
2017-07-05,1.201
2017-07-06,1.202
2017-07-07,1.202
2017-07-10,1.202
2017-07-11,1.204
2017-07-12,1.203
2017-07-13,1.207
2017-07-14,1.209
2017-07-17,1.203
2017-07-18,1.204
2017-07-19,1.212
2017-07-20,1.215
2017-07-21,1.212
2017-07-24,1.214
2017-07-25,1.211
2017-07-26,1.21
2017-07-27,1.211
2017-07-28,1.212
2017-07-31,1.214
2017-08-01,1.218
2017-08-02,1.217
2017-08-03,1.213
2017-08-04,1.211
2017-08-07,1.213
2017-08-08,1.214
2017-08-09,1.214
2017-08-10,1.213
2017-08-11,1.204
2017-08-14,1.21
2017-08-15,1.211
2017-08-16,1.21
2017-08-17,1.213
2017-08-18,1.213
2017-08-21,1.215
2017-08-22,1.216
2017-08-23,1.217
2017-08-24,1.214
2017-08-25,1.223
2017-08-28,1.228
2017-08-29,1.228
2017-08-30,1.228
2017-08-31,1.227
2017-09-01,1.228
2017-09-04,1.23
2017-09-05,1.231
2017-09-06,1.23
2017-09-07,1.228
2017-09-08,1.228
2017-09-11,1.228
2017-09-12,1.229
2017-09-13,1.23
2017-09-14,1.228
2017-09-15,1.229
2017-09-18,1.23
2017-09-19,1.229
2017-09-20,1.231
2017-09-21,1.23
2017-09-22,1.23
2017-09-25,1.228
2017-09-26,1.228
2017-09-27,1.229
2017-09-28,1.229
2017-09-29,1.231
2017-10-09,1.236
2017-10-10,1.237
2017-10-11,1.238
2017-10-12,1.24
2017-10-13,1.241
2017-10-16,1.239
2017-10-17,1.239
2017-10-18,1.251
2017-10-19,1.247
2017-10-20,1.245
2017-10-23,1.247
2017-10-24,1.261
2017-10-25,1.271
2017-10-26,1.278
2017-10-27,1.293
2017-10-30,1.285
2017-10-31,1.283
2017-11-01,1.278
2017-11-02,1.278
2017-11-03,1.277
2017-11-06,1.293
2017-11-07,1.308
2017-11-08,1.307
2017-11-09,1.321
2017-11-10,1.338
2017-11-13,1.347
2017-11-14,1.334
2017-11-15,1.321
2017-11-16,1.337
2017-11-17,1.344
2017-11-20,1.354
2017-11-21,1.388
2017-11-22,1.394
2017-11-23,1.337
2017-11-24,1.337
2017-11-27,1.311
2017-11-28,1.314
2017-11-29,1.313
2017-11-30,1.291
2017-12-01,1.287
2017-12-04,1.294
2017-12-05,1.304
2017-12-06,1.293
2017-12-07,1.271
2017-12-08,1.287
2017-12-11,1.318
2017-12-12,1.293
2017-12-13,1.308
2017-12-14,1.297
2017-12-15,1.277
2017-12-18,1.278
2017-12-19,1.303
2017-12-20,1.301
2017-12-21,1.317
2017-12-22,1.311
2017-12-25,1.304
2017-12-26,1.311
2017-12-27,1.283
2017-12-28,1.294
2017-12-29,1.301
2018-01-02,1.328
2018-01-03,1.34
2018-01-04,1.35
2018-01-05,1.354
2018-01-08,1.366
2018-01-09,1.38
2018-01-10,1.388
2018-01-11,1.388
2018-01-12,1.396
2018-01-15,1.396
2018-01-16,1.412
2018-01-17,1.406
2018-01-18,1.417
2018-01-19,1.426
2018-01-22,1.442
2018-01-23,1.447
2018-01-24,1.448
2018-01-25,1.446
2018-01-26,1.447
2018-01-29,1.433
2018-01-30,1.412
2018-01-31,1.42
2018-02-01,1.404
2018-02-02,1.417
2018-02-05,1.42
2018-02-06,1.36
2018-02-07,1.314
2018-02-08,1.297
2018-02-09,1.226
2018-02-12,1.241
2018-02-13,1.261
2018-02-14,1.275
2018-02-22,1.314
2018-02-23,1.324
2018-02-26,1.347
2018-02-27,1.321
2018-02-28,1.304
2018-03-01,1.317
2018-03-02,1.301
2018-03-05,1.303
2018-03-06,1.324
2018-03-07,1.311
2018-03-08,1.33
2018-03-09,1.347
2018-03-12,1.354
2018-03-13,1.337
2018-03-14,1.328
2018-03-15,1.338
2018-03-16,1.321
2018-03-19,1.328
2018-03-20,1.328
2018-03-21,1.321
2018-03-22,1.303
2018-03-23,1.249
2018-03-26,1.237
2018-03-27,1.251
2018-03-28,1.227
2018-03-29,1.244
2018-03-30,1.245
2018-04-02,1.241
2018-04-03,1.234
2018-04-04,1.232
2018-04-09,1.231
2018-04-10,1.261
2018-04-11,1.265
2018-04-12,1.247
2018-04-13,1.237
2018-04-16,1.219
2018-04-17,1.201
2018-04-18,1.205
2018-04-19,1.219
2018-04-20,1.204
2018-04-23,1.205
2018-04-24,1.227
2018-04-25,1.224
2018-04-26,1.203
2018-04-27,1.204
2018-05-02,1.206
2018-05-03,1.215
2018-05-04,1.21
2018-05-07,1.227
2018-05-08,1.241
2018-05-09,1.239
2018-05-10,1.247
2018-05-11,1.239
2018-05-14,1.255
2018-05-15,1.263
2018-05-16,1.247
2018-05-17,1.237
2018-05-18,1.253
2018-05-21,1.263
2018-05-22,1.257
2018-05-23,1.236
2018-05-24,1.229
2018-05-25,1.226
2018-05-28,1.231
2018-05-29,1.224
2018-05-30,1.2
2018-05-31,1.224
2018-06-01,1.214
2018-06-04,1.226
2018-06-05,1.237
2018-06-06,1.235
2018-06-07,1.235
2018-06-08,1.22
2018-06-11,1.222
2018-06-12,1.235
2018-06-13,1.225
2018-06-14,1.221
2018-06-15,1.217
2018-06-19,1.178
2018-06-20,1.183
2018-06-21,1.17
2018-06-22,1.175
2018-06-25,1.16
2018-06-26,1.152
2018-06-27,1.132
2018-06-28,1.122
2018-06-29,1.148
2018-07-02,1.118
2018-07-03,1.119
2018-07-04,1.107
2018-07-05,1.101
2018-07-06,1.108
2018-07-09,1.136
2018-07-10,1.139
2018-07-11,1.122
2018-07-12,1.146
2018-07-13,1.15
2018-07-16,1.146
2018-07-17,1.139
2018-07-18,1.134
2018-07-19,1.133
2018-07-20,1.153
2018-07-23,1.163
2018-07-24,1.18
2018-07-25,1.179
2018-07-26,1.167
2018-07-27,1.162
2018-07-30,1.16
2018-07-31,1.162
2018-08-01,1.141
2018-08-02,1.117
2018-08-03,1.1
2018-08-06,1.087
2018-08-07,1.116
2018-08-08,1.1
2018-08-09,1.124
2018-08-10,1.127
2018-08-13,1.123
2018-08-14,1.118
2018-08-15,1.093
2018-08-16,1.09
2018-08-17,1.075
2018-08-20,1.087
2018-08-21,1.105
2018-08-22,1.098
2018-08-23,1.103
2018-08-24,1.105
2018-08-27,1.129
2018-08-28,1.128
2018-08-29,1.123
2018-08-30,1.113
2018-08-31,1.108
